sourceType,sourceId,entityName,executionMode,layer,facet,surface,controlled,modality,evidenceSource,evidenceQuote,confidence,refutation,gateWarnings,reviewerDecision,correctedSurface,correctedControlled,reviewerNote
lab,sample-lab-41461c2ec17b,強相関系理論（藤本研究室）,RAPID,EXPR,Σ,電子同士が強く影響し合う物質で、電気抵抗が消える超伝導や特殊な磁性、物質の表面に特徴的な電子状態が現れる仕組みを、理論と数理モデルから研究する研究室。,,asserted,labs.json#sample-lab-41461c2ec17b:sections.research_summary,電子同士が強く影響し合う物質で、電気抵抗が消える超伝導や特殊,0.6,,G1,,,,
lab,sample-lab-41461c2ec17b,強相関系理論（藤本研究室）,RAPID,EXPR,IS,電子同士が強く影響し合う物質で,,asserted,labs.json#sample-lab-41461c2ec17b:sections.research_summary,電子同士が強く影響し合う物質で、電気抵抗が消える超伝導や特殊,0.6,,G1,,,,
lab,sample-lab-41461c2ec17b,強相関系理論（藤本研究室）,RAPID,EXPR,IS,電気抵抗が消える超伝導や特殊な磁性,,asserted,labs.json#sample-lab-41461c2ec17b:sections.research_summary,電子同士が強く影響し合う物質で、電気抵抗が消える超伝導や特殊,0.6,,G1,,,,
lab,sample-lab-41461c2ec17b,強相関系理論（藤本研究室）,RAPID,EXPR,IS,理論と数理モデルから研究する研究室,,asserted,labs.json#sample-lab-41461c2ec17b:sections.research_summary,電子同士が強く影響し合う物質で、電気抵抗が消える超伝導や特殊,0.6,,G1,,,,
lab,sample-lab-41461c2ec17b,強相関系理論（藤本研究室）,RAPID,EXPR,Q,電子同士が強く影響し合うと、なぜ超伝導や通常とは異なる磁性が現れるのか？,,asserted,labs.json#sample-lab-41461c2ec17b:researchQuestions,電子同士が強く影響し合うと、なぜ超伝導や通常とは異なる磁性が,0.6,,G1,,,,
lab,sample-lab-41461c2ec17b,強相関系理論（藤本研究室）,RAPID,EXPR,Q,多数の電子の動きを数理モデルで表すと、まだ知られていない物質の状態をどのように予測できるのか？,,asserted,labs.json#sample-lab-41461c2ec17b:researchQuestions,電子同士が強く影響し合うと、なぜ超伝導や通常とは異なる磁性が,0.6,,G1,,,,
lab,sample-lab-41461c2ec17b,強相関系理論（藤本研究室）,RAPID,EXPR,M,理論的分析,理論研究,asserted,labs.json#sample-lab-41461c2ec17b:sections.research_summary,電子同士が強く影響し合う物質で、電気抵抗が消える超伝導や特殊,0.6,,G1,,,,
lab,sample-lab-41461c2ec17b,強相関系理論（藤本研究室）,RAPID,EXPR,M,数理モデリング,モデリング,asserted,labs.json#sample-lab-41461c2ec17b:sections.research_summary,電子同士が強く影響し合う物質で、電気抵抗が消える超伝導や特殊,0.6,,G1,,,,
lab,sample-lab-470a48ca9298,分子生体計測（出口研究室）,RAPID,EXPR,Σ,細胞が周囲の硬さや力をどのように感じ、形や動き、働きを変えるのかを研究する研究室。,,asserted,labs.json#sample-lab-470a48ca9298:sections.research_summary,細胞が周囲の硬さや力をどのように感じ、形や動き、働きを変える,0.6,,,,,,
lab,sample-lab-470a48ca9298,分子生体計測（出口研究室）,RAPID,EXPR,IS,細胞が周囲の硬さや力をどのように感じ,,asserted,labs.json#sample-lab-470a48ca9298:sections.research_summary,細胞が周囲の硬さや力をどのように感じ、形や動き、働きを変える,0.6,,,,,,
lab,sample-lab-470a48ca9298,分子生体計測（出口研究室）,RAPID,EXPR,IS,形や動き,,asserted,labs.json#sample-lab-470a48ca9298:sections.research_summary,細胞が周囲の硬さや力をどのように感じ、形や動き、働きを変える,0.6,,,,,,
lab,sample-lab-470a48ca9298,分子生体計測（出口研究室）,RAPID,EXPR,IS,働きを変えるのかを研究する研究室,,asserted,labs.json#sample-lab-470a48ca9298:sections.research_summary,細胞が周囲の硬さや力をどのように感じ、形や動き、働きを変える,0.6,,,,,,
lab,sample-lab-470a48ca9298,分子生体計測（出口研究室）,RAPID,EXPR,Q,細胞は周囲から受ける力を、どのように感じ取って形や動きを変えるのか？,,asserted,labs.json#sample-lab-470a48ca9298:researchQuestions,細胞は周囲から受ける力を、どのように感じ取って形や動きを変え,0.6,,,,,,
lab,sample-lab-470a48ca9298,分子生体計測（出口研究室）,RAPID,EXPR,Q,細胞や分子に働く非常に小さな力を、細胞を壊さずに測るにはどのような技術が必要なのか？,,asserted,labs.json#sample-lab-470a48ca9298:researchQuestions,細胞は周囲から受ける力を、どのように感じ取って形や動きを変え,0.6,,,,,,
lab,sample-lab-470a48ca9298,分子生体計測（出口研究室）,RAPID,EXPR,M,計測,計測,asserted,labs.json#sample-lab-470a48ca9298:sections.research_summary,細胞が周囲の硬さや力をどのように感じ、形や動き、働きを変える,0.6,,,,,,
lab,sample-lab-59f30ac6858e,電磁エネルギー工学（松尾研究室）,RAPID,EXPR,Σ,モータ、発電機、変圧器などの内部で生じる電磁界と、磁性材料の複雑な振る舞いをコンピュータで再現する研究室。,,asserted,labs.json#sample-lab-59f30ac6858e:sections.research_summary,モータ、発電機、変圧器などの内部で生じる電磁界と、磁性材料の,0.6,,G1,,,,
lab,sample-lab-59f30ac6858e,電磁エネルギー工学（松尾研究室）,RAPID,EXPR,IS,モータ,,asserted,labs.json#sample-lab-59f30ac6858e:sections.research_summary,モータ、発電機、変圧器などの内部で生じる電磁界と、磁性材料の,0.6,,G1,,,,
lab,sample-lab-59f30ac6858e,電磁エネルギー工学（松尾研究室）,RAPID,EXPR,IS,発電機,,asserted,labs.json#sample-lab-59f30ac6858e:sections.research_summary,モータ、発電機、変圧器などの内部で生じる電磁界と、磁性材料の,0.6,,G1,,,,
lab,sample-lab-59f30ac6858e,電磁エネルギー工学（松尾研究室）,RAPID,EXPR,IS,変圧器などの内部で生じる電磁界と,,asserted,labs.json#sample-lab-59f30ac6858e:sections.research_summary,モータ、発電機、変圧器などの内部で生じる電磁界と、磁性材料の,0.6,,G1,,,,
lab,sample-lab-59f30ac6858e,電磁エネルギー工学（松尾研究室）,RAPID,EXPR,Q,モータや変圧器の内部では、電気と磁気の作用がどのように力や熱へ変わるのか？,,asserted,labs.json#sample-lab-59f30ac6858e:researchQuestions,モータや変圧器の内部では、電気と磁気の作用がどのように力や熱,0.6,,G1,,,,
lab,sample-lab-59f30ac6858e,電磁エネルギー工学（松尾研究室）,RAPID,EXPR,Q,磁性材料の複雑な性質を計算に取り入れると、電気機器の損失や性能をどこまで正確に予測できるのか？,,asserted,labs.json#sample-lab-59f30ac6858e:researchQuestions,モータや変圧器の内部では、電気と磁気の作用がどのように力や熱,0.6,,G1,,,,
lab,sample-lab-59f30ac6858e,電磁エネルギー工学（松尾研究室）,RAPID,EXPR,M,予測,予測,asserted,labs.json#sample-lab-59f30ac6858e:sections.research_summary,モータ、発電機、変圧器などの内部で生じる電磁界と、磁性材料の,0.6,,G1,,,,
lab,sample-lab-4dee53c438a0,ナノ材料光計測研究室,RAPID,EXPR,Σ,一つの分子やナノ材料が光を吸収・放出する様子を、高感度な顕微鏡や分光技術で測る研究室。,,asserted,labs.json#sample-lab-4dee53c438a0:sections.research_summary,一つの分子やナノ材料が光を吸収・放出する様子を、高感度な顕微,0.6,,,,,,
lab,sample-lab-4dee53c438a0,ナノ材料光計測研究室,RAPID,EXPR,IS,高感度な顕微鏡や分光技術で測る研究室,,asserted,labs.json#sample-lab-4dee53c438a0:sections.research_summary,一つの分子やナノ材料が光を吸収・放出する様子を、高感度な顕微,0.6,,,,,,
lab,sample-lab-4dee53c438a0,ナノ材料光計測研究室,RAPID,EXPR,IS,材料の発光,,asserted,labs.json#sample-lab-4dee53c438a0:sections.research_summary,一つの分子やナノ材料が光を吸収・放出する様子を、高感度な顕微,0.6,,,,,,
lab,sample-lab-4dee53c438a0,ナノ材料光計測研究室,RAPID,EXPR,IS,化学反応,,asserted,labs.json#sample-lab-4dee53c438a0:sections.research_summary,一つの分子やナノ材料が光を吸収・放出する様子を、高感度な顕微,0.6,,,,,,
lab,sample-lab-4dee53c438a0,ナノ材料光計測研究室,RAPID,EXPR,Q,一つの分子やナノ材料は、光を受けるとどのように発光したり反応したりするのか？,,asserted,labs.json#sample-lab-4dee53c438a0:researchQuestions,一つの分子やナノ材料は、光を受けるとどのように発光したり反応,0.6,,,,,,
lab,sample-lab-4dee53c438a0,ナノ材料光計測研究室,RAPID,EXPR,Q,光を非常に小さな領域へ集めると、通常は見えない分子の動きや反応をどう観察できるのか？,,asserted,labs.json#sample-lab-4dee53c438a0:researchQuestions,一つの分子やナノ材料は、光を受けるとどのように発光したり反応,0.6,,,,,,
lab,sample-lab-4dee53c438a0,ナノ材料光計測研究室,RAPID,EXPR,M,分光測定,計測,asserted,labs.json#sample-lab-4dee53c438a0:sections.research_summary,一つの分子やナノ材料が光を吸収・放出する様子を、高感度な顕微,0.6,,,,,,
lab,sample-lab-4dee53c438a0,ナノ材料光計測研究室,RAPID,EXPR,M,計測,計測,asserted,labs.json#sample-lab-4dee53c438a0:sections.research_summary,一つの分子やナノ材料が光を吸収・放出する様子を、高感度な顕微,0.6,,,,,,
lab,sample-lab-40446adcb967,大森研究室,RAPID,EXPR,Σ,脳や人の行動、社会・生命現象などのデータから、観測できない内部状態や原因を確率的に推定する研究室。,,asserted,labs.json#sample-lab-40446adcb967:sections.research_summary,脳や人の行動、社会・生命現象などのデータから、観測できない内,0.6,,G1,,,,
lab,sample-lab-40446adcb967,大森研究室,RAPID,EXPR,IS,脳や人の行動,,asserted,labs.json#sample-lab-40446adcb967:sections.research_summary,脳や人の行動、社会・生命現象などのデータから、観測できない内,0.6,,G1,,,,
lab,sample-lab-40446adcb967,大森研究室,RAPID,EXPR,IS,社会・生命現象などのデータから,,asserted,labs.json#sample-lab-40446adcb967:sections.research_summary,脳や人の行動、社会・生命現象などのデータから、観測できない内,0.6,,G1,,,,
lab,sample-lab-40446adcb967,大森研究室,RAPID,EXPR,IS,数理モデル,,asserted,labs.json#sample-lab-40446adcb967:sections.research_summary,脳や人の行動、社会・生命現象などのデータから、観測できない内,0.6,,G1,,,,
lab,sample-lab-40446adcb967,大森研究室,RAPID,EXPR,Q,観測された行動や信号から、直接見えない内部状態をどのように推定するのか？,,asserted,labs.json#sample-lab-40446adcb967:researchQuestions,観測された行動や信号から、直接見えない内部状態をどのように推,0.6,,G1,,,,
lab,sample-lab-40446adcb967,大森研究室,RAPID,EXPR,Q,不確実さや個人差を含むデータから、現象を説明する数理モデルをどのように作るのか？,,asserted,labs.json#sample-lab-40446adcb967:researchQuestions,観測された行動や信号から、直接見えない内部状態をどのように推,0.6,,G1,,,,
lab,sample-lab-40446adcb967,大森研究室,RAPID,EXPR,M,数理モデリング,モデリング,asserted,labs.json#sample-lab-40446adcb967:sections.research_summary,脳や人の行動、社会・生命現象などのデータから、観測できない内,0.6,,G1,,,,
lab,sample-lab-b51364f6513f,数理創発システム（西成研究室）,RAPID,EXPR,Σ,道路の渋滞、人の混雑、物流、生物の集団など、多数の要素が動くことで生じる詰まりや流れを数理モデルから研究する研究室。,,asserted,labs.json#sample-lab-b51364f6513f:sections.research_summary,道路の渋滞、人の混雑、物流、生物の集団など、多数の要素が動く,0.6,,,,,,
lab,sample-lab-b51364f6513f,数理創発システム（西成研究室）,RAPID,EXPR,IS,道路の渋滞,,asserted,labs.json#sample-lab-b51364f6513f:sections.research_summary,道路の渋滞、人の混雑、物流、生物の集団など、多数の要素が動く,0.6,,,,,,
lab,sample-lab-b51364f6513f,数理創発システム（西成研究室）,RAPID,EXPR,IS,人の混雑,,asserted,labs.json#sample-lab-b51364f6513f:sections.research_summary,道路の渋滞、人の混雑、物流、生物の集団など、多数の要素が動く,0.6,,,,,,
lab,sample-lab-b51364f6513f,数理創発システム（西成研究室）,RAPID,EXPR,IS,生物の集団など,,asserted,labs.json#sample-lab-b51364f6513f:sections.research_summary,道路の渋滞、人の混雑、物流、生物の集団など、多数の要素が動く,0.6,,,,,,
lab,sample-lab-b51364f6513f,数理創発システム（西成研究室）,RAPID,EXPR,Q,一台の車や一人の行動が積み重なると、なぜ全体として渋滞や混雑が生まれるのか？,,asserted,labs.json#sample-lab-b51364f6513f:researchQuestions,一台の車や一人の行動が積み重なると、なぜ全体として渋滞や混雑,0.6,,,,,,
lab,sample-lab-b51364f6513f,数理創発システム（西成研究室）,RAPID,EXPR,Q,人や車の動き方を少し変えるだけで、流れ全体を滑らかにするにはどこへ働きかければよいのか？,,asserted,labs.json#sample-lab-b51364f6513f:researchQuestions,一台の車や一人の行動が積み重なると、なぜ全体として渋滞や混雑,0.6,,,,,,
lab,sample-lab-b51364f6513f,数理創発システム（西成研究室）,RAPID,EXPR,M,数理モデリング,モデリング,asserted,labs.json#sample-lab-b51364f6513f:sections.research_summary,道路の渋滞、人の混雑、物流、生物の集団など、多数の要素が動く,0.6,,,,,,
lab,sample-lab-46e67b3d62b0,伊井研究室,RAPID,EXPR,Σ,血液や脳脊髄液など、人体内部の流れをコンピュータ上で再現し、病気との関係を研究する研究室。,,asserted,labs.json#sample-lab-46e67b3d62b0:sections.research_summary,血液や脳脊髄液など、人体内部の流れをコンピュータ上で再現し、,0.6,,,,,,
lab,sample-lab-46e67b3d62b0,伊井研究室,RAPID,EXPR,IS,血液や脳脊髄液など,,asserted,labs.json#sample-lab-46e67b3d62b0:sections.research_summary,血液や脳脊髄液など、人体内部の流れをコンピュータ上で再現し、,0.6,,,,,,
lab,sample-lab-46e67b3d62b0,伊井研究室,RAPID,EXPR,IS,病気との関係を研究する研究室,,asserted,labs.json#sample-lab-46e67b3d62b0:sections.research_summary,血液や脳脊髄液など、人体内部の流れをコンピュータ上で再現し、,0.6,,,,,,
lab,sample-lab-46e67b3d62b0,伊井研究室,RAPID,EXPR,Q,脳の血管の形が人によって異なると、血液の流れや血管壁への力はどう変わるのか？,,asserted,labs.json#sample-lab-46e67b3d62b0:researchQuestions,脳の血管の形が人によって異なると、血液の流れや血管壁への力は,0.6,,,,,,
lab,sample-lab-46e67b3d62b0,伊井研究室,RAPID,EXPR,Q,MRIで測った流れと数値計算を組み合わせると、患者ごとの血流をどこまで正確に再現できるのか？,,asserted,labs.json#sample-lab-46e67b3d62b0:researchQuestions,脳の血管の形が人によって異なると、血液の流れや血管壁への力は,0.6,,,,,,
lab,sample-lab-46e67b3d62b0,伊井研究室,RAPID,EXPR,M,シミュレーション,シミュレーション,asserted,labs.json#sample-lab-46e67b3d62b0:sections.research_summary,血液や脳脊髄液など、人体内部の流れをコンピュータ上で再現し、,0.6,,,,,,
lab,sample-lab-0dca02346edd,プラズマ理工学（金子・佐々木研究室）,RAPID,EXPR,Σ,空気中で発生させたプラズマを水などの液体に接触させ、その境界で短時間に起こる化学反応を研究する研究室。,,asserted,labs.json#sample-lab-0dca02346edd:sections.research_summary,空気中で発生させたプラズマを水などの液体に接触させ、その境界,0.6,,,,,,
lab,sample-lab-0dca02346edd,プラズマ理工学（金子・佐々木研究室）,RAPID,EXPR,IS,空気と水から反応性の高い物質を作り,,asserted,labs.json#sample-lab-0dca02346edd:sections.research_summary,空気中で発生させたプラズマを水などの液体に接触させ、その境界,0.6,,,,,,
lab,sample-lab-0dca02346edd,プラズマ理工学（金子・佐々木研究室）,RAPID,EXPR,IS,細菌やウイルスの不活化,,asserted,labs.json#sample-lab-0dca02346edd:sections.research_summary,空気中で発生させたプラズマを水などの液体に接触させ、その境界,0.6,,,,,,
lab,sample-lab-0dca02346edd,プラズマ理工学（金子・佐々木研究室）,RAPID,EXPR,IS,植物への窒素供給,,asserted,labs.json#sample-lab-0dca02346edd:sections.research_summary,空気中で発生させたプラズマを水などの液体に接触させ、その境界,0.6,,,,,,
lab,sample-lab-0dca02346edd,プラズマ理工学（金子・佐々木研究室）,RAPID,EXPR,Q,プラズマが水と触れる境界では、どのような反応性の高い物質が生まれるのか？,,asserted,labs.json#sample-lab-0dca02346edd:researchQuestions,プラズマが水と触れる境界では、どのような反応性の高い物質が生,0.6,,,,,,
lab,sample-lab-0dca02346edd,プラズマ理工学（金子・佐々木研究室）,RAPID,EXPR,Q,プラズマで作る物質の種類や量を制御すると、滅菌・農業・材料合成へどのように使い分けられるのか？,,asserted,labs.json#sample-lab-0dca02346edd:researchQuestions,プラズマが水と触れる境界では、どのような反応性の高い物質が生,0.6,,,,,,
lab,sample-lab-90b4b3a37829,環境・エネルギー工学（成瀬研究室）,RAPID,EXPR,Σ,燃料や廃棄物を燃やすときに起こる熱・流れ・化学反応を研究し、エネルギーを効率よく取り出しながら環境への負荷を減らす方法を開発する研究室。,,asserted,labs.json#sample-lab-90b4b3a37829:sections.research_summary,燃料や廃棄物を燃やすときに起こる熱・流れ・化学反応を研究し、,0.6,,,,,,
lab,sample-lab-90b4b3a37829,環境・エネルギー工学（成瀬研究室）,RAPID,EXPR,IS,燃焼,,asserted,labs.json#sample-lab-90b4b3a37829:sections.research_summary,燃料や廃棄物を燃やすときに起こる熱・流れ・化学反応を研究し、,0.6,,,,,,
lab,sample-lab-90b4b3a37829,環境・エネルギー工学（成瀬研究室）,RAPID,EXPR,IS,エネルギー,,asserted,labs.json#sample-lab-90b4b3a37829:sections.research_summary,燃料や廃棄物を燃やすときに起こる熱・流れ・化学反応を研究し、,0.6,,,,,,
lab,sample-lab-90b4b3a37829,環境・エネルギー工学（成瀬研究室）,RAPID,EXPR,Q,燃料の種類や燃やし方を変えると、炎・熱・排出物はどのように変化するのか？,,asserted,labs.json#sample-lab-90b4b3a37829:researchQuestions,燃料の種類や燃やし方を変えると、炎・熱・排出物はどのように変,0.6,,,,,,
lab,sample-lab-90b4b3a37829,環境・エネルギー工学（成瀬研究室）,RAPID,EXPR,Q,エネルギーを効率よく取り出しながら、有害物質や二酸化炭素を減らす燃焼条件をどう設計するのか？,,asserted,labs.json#sample-lab-90b4b3a37829:researchQuestions,燃料の種類や燃やし方を変えると、炎・熱・排出物はどのように変,0.6,,,,,,
lab,sample-lab-f0e46eb2cbf5,有機合成化学研究室,RAPID,EXPR,Σ,ホウ素、ケイ素など炭素以外の元素が持つ特徴を利用し、新しい有機分子の作り方を研究する研究室。,,asserted,labs.json#sample-lab-f0e46eb2cbf5:sections.research_summary,ホウ素、ケイ素など炭素以外の元素が持つ特徴を利用し、新しい有,0.6,,,,,,
lab,sample-lab-f0e46eb2cbf5,有機合成化学研究室,RAPID,EXPR,IS,ホウ素,,asserted,labs.json#sample-lab-f0e46eb2cbf5:sections.research_summary,ホウ素、ケイ素など炭素以外の元素が持つ特徴を利用し、新しい有,0.6,,,,,,
lab,sample-lab-f0e46eb2cbf5,有機合成化学研究室,RAPID,EXPR,IS,複数の結合を一度に組み替える反応や,,asserted,labs.json#sample-lab-f0e46eb2cbf5:sections.research_summary,ホウ素、ケイ素など炭素以外の元素が持つ特徴を利用し、新しい有,0.6,,,,,,
lab,sample-lab-f0e46eb2cbf5,有機合成化学研究室,RAPID,EXPR,Q,炭素以外の元素を反応に組み込むと、従来は難しかった結合をなぜ作れるのか？,,asserted,labs.json#sample-lab-f0e46eb2cbf5:researchQuestions,炭素以外の元素を反応に組み込むと、従来は難しかった結合をなぜ,0.6,,,,,,
lab,sample-lab-f0e46eb2cbf5,有機合成化学研究室,RAPID,EXPR,Q,複数の結合を一つの反応で組み替えると、複雑な有機分子をどのように短い工程で作れるのか？,,asserted,labs.json#sample-lab-f0e46eb2cbf5:researchQuestions,炭素以外の元素を反応に組み込むと、従来は難しかった結合をなぜ,0.6,,,,,,
field,sample-field-d0929ad7a3a1,形式科学,FULL,CORE,Σ,数、図形、論理、計算、確率などを、観察や実験ではなく、定義・記号・基本ルールによって研究する学問群。,,asserted,fields.json#sample-field-d0929ad7a3a1:beginnerDescription,数、図形、論理、計算、確率などを、観察や実験ではなく、定義・,0.76,追加証拠で、この要約主題が対象全体を表さないことが確認される。,G1|G7,,,,
field,sample-field-d0929ad7a3a1,形式科学,FULL,CORE,IS,記号体系,,asserted,fields.json#sample-field-d0929ad7a3a1:researchObjects,記号体系 / 公理 / 数学的構造 / アルゴリズム / 確,0.72,公式説明または本文証拠で、この対象を扱っていないことが確認される。,G1|G7,,,,
field,sample-field-d0929ad7a3a1,形式科学,FULL,CORE,IS,公理,,asserted,fields.json#sample-field-d0929ad7a3a1:researchObjects,記号体系 / 公理 / 数学的構造 / アルゴリズム / 確,0.72,公式説明または本文証拠で、この対象を扱っていないことが確認される。,G1|G7,,,,
field,sample-field-d0929ad7a3a1,形式科学,FULL,CORE,IS,数学的構造,,asserted,fields.json#sample-field-d0929ad7a3a1:researchObjects,記号体系 / 公理 / 数学的構造 / アルゴリズム / 確,0.72,公式説明または本文証拠で、この対象を扱っていないことが確認される。,G1|G7,,,,
field,sample-field-d0929ad7a3a1,形式科学,FULL,CORE,Q,記号と基本ルールから、どのような結論を正しく導けるのか？,,asserted,fields.json#sample-field-d0929ad7a3a1:questions,記号と基本ルールから、どのような結論を正しく導けるのか？ /,0.78,追加の公式説明で、この問いが当該資源の扱う問いではないと確認される。,G1|G7,,,,
field,sample-field-d0929ad7a3a1,形式科学,FULL,CORE,Q,異なる数学的対象を、同じ形式や構造として扱えるのはどのような場合か？,,asserted,fields.json#sample-field-d0929ad7a3a1:questions,記号と基本ルールから、どのような結論を正しく導けるのか？ /,0.78,追加の公式説明で、この問いが当該資源の扱う問いではないと確認される。,G1|G7,,,,
field,sample-field-d0929ad7a3a1,形式科学,FULL,CORE,M,定義,定義,asserted,fields.json#sample-field-d0929ad7a3a1:methods,定義 / 公理化 / 演繹的証明 / 形式化 / 数理モデル,0.7,公式説明または本文証拠で、この方法を用いていないことが確認される。,G1|G7,,,,
field,sample-field-d0929ad7a3a1,形式科学,FULL,CORE,M,公理化,公理化,asserted,fields.json#sample-field-d0929ad7a3a1:methods,定義 / 公理化 / 演繹的証明 / 形式化 / 数理モデル,0.7,公式説明または本文証拠で、この方法を用いていないことが確認される。,G1|G7,,,,
field,sample-field-d0929ad7a3a1,形式科学,FULL,CORE,SC,界,,hypothesis,,,0.4,,G1|G7,,,,
field,sample-field-4ab9bd00503b,非古典論理,FULL,CORE,Σ,真か偽かの二つだけでは表しにくい状況を扱う論理体系の集まり。,,asserted,fields.json#sample-field-4ab9bd00503b:beginnerDescription,真か偽かの二つだけでは表しにくい状況を扱う論理体系の集まり。,0.76,追加証拠で、この要約主題が対象全体を表さないことが確認される。,G1|G7,,,,
field,sample-field-4ab9bd00503b,非古典論理,FULL,CORE,IS,多値真理,,asserted,fields.json#sample-field-4ab9bd00503b:researchObjects,多値真理 / 矛盾 / 関連性 / 資源 / 曖昧さ / 非,0.72,公式説明または本文証拠で、この対象を扱っていないことが確認される。,G1|G7,,,,
field,sample-field-4ab9bd00503b,非古典論理,FULL,CORE,IS,矛盾,,asserted,fields.json#sample-field-4ab9bd00503b:researchObjects,多値真理 / 矛盾 / 関連性 / 資源 / 曖昧さ / 非,0.72,公式説明または本文証拠で、この対象を扱っていないことが確認される。,G1|G7,,,,
field,sample-field-4ab9bd00503b,非古典論理,FULL,CORE,IS,関連性,,asserted,fields.json#sample-field-4ab9bd00503b:researchObjects,多値真理 / 矛盾 / 関連性 / 資源 / 曖昧さ / 非,0.72,公式説明または本文証拠で、この対象を扱っていないことが確認される。,G1|G7,,,,
field,sample-field-4ab9bd00503b,非古典論理,FULL,CORE,Q,矛盾や不確かさを含む情報を、どのような推論規則で扱えるのか？,,asserted,fields.json#sample-field-4ab9bd00503b:questions,矛盾や不確かさを含む情報を、どのような推論規則で扱えるのか？,0.78,追加の公式説明で、この問いが当該資源の扱う問いではないと確認される。,G1|G7,,,,
field,sample-field-4ab9bd00503b,非古典論理,FULL,CORE,Q,真か偽か以外の値を認めると、推論の仕組みはどのように変わるのか？,,asserted,fields.json#sample-field-4ab9bd00503b:questions,矛盾や不確かさを含む情報を、どのような推論規則で扱えるのか？,0.78,追加の公式説明で、この問いが当該資源の扱う問いではないと確認される。,G1|G7,,,,
field,sample-field-4ab9bd00503b,非古典論理,FULL,CORE,M,公理系の設計,公理系の設計,asserted,fields.json#sample-field-4ab9bd00503b:methods,公理系の設計 / 代数的意味論 / 関係意味論 / 証明論 ,0.7,公式説明または本文証拠で、この方法を用いていないことが確認される。,G1|G7,,,,
field,sample-field-4ab9bd00503b,非古典論理,FULL,CORE,M,代数的意味論,代数的意味論,asserted,fields.json#sample-field-4ab9bd00503b:methods,公理系の設計 / 代数的意味論 / 関係意味論 / 証明論 ,0.7,公式説明または本文証拠で、この方法を用いていないことが確認される。,G1|G7,,,,
field,sample-field-4ab9bd00503b,非古典論理,FULL,CORE,SC,科,,hypothesis,,,0.4,,G1|G7,,,,
field,sample-field-c272ac81b5ef,表現論,FULL,CORE,Σ,群や環などの抽象的な代数構造を、行列やベクトル空間上の変換として研究する分野。,,asserted,fields.json#sample-field-c272ac81b5ef:beginnerDescription,群や環などの抽象的な代数構造を、行列やベクトル空間上の変換と,0.76,追加証拠で、この要約主題が対象全体を表さないことが確認される。,G1|G7,,,,
field,sample-field-c272ac81b5ef,表現論,FULL,CORE,IS,群,,asserted,fields.json#sample-field-c272ac81b5ef:researchObjects,群 / 環 / リー群 / リー環 / 加群 / 表現 / ,0.72,公式説明または本文証拠で、この対象を扱っていないことが確認される。,G1|G7,,,,
field,sample-field-c272ac81b5ef,表現論,FULL,CORE,IS,環,,asserted,fields.json#sample-field-c272ac81b5ef:researchObjects,群 / 環 / リー群 / リー環 / 加群 / 表現 / ,0.72,公式説明または本文証拠で、この対象を扱っていないことが確認される。,G1|G7,,,,
field,sample-field-c272ac81b5ef,表現論,FULL,CORE,IS,リー群,,asserted,fields.json#sample-field-c272ac81b5ef:researchObjects,群 / 環 / リー群 / リー環 / 加群 / 表現 / ,0.72,公式説明または本文証拠で、この対象を扱っていないことが確認される。,G1|G7,,,,
field,sample-field-c272ac81b5ef,表現論,FULL,CORE,Q,抽象的な対称性は、行列やベクトルの変換としてどのように表せるのか？,,asserted,fields.json#sample-field-c272ac81b5ef:questions,抽象的な対称性は、行列やベクトルの変換としてどのように表せる,0.78,追加の公式説明で、この問いが当該資源の扱う問いではないと確認される。,G1|G7,,,,
field,sample-field-c272ac81b5ef,表現論,FULL,CORE,Q,複雑な表現を基本的な成分へ分けると、元の対称性をどう理解できるのか？,,asserted,fields.json#sample-field-c272ac81b5ef:questions,抽象的な対称性は、行列やベクトルの変換としてどのように表せる,0.78,追加の公式説明で、この問いが当該資源の扱う問いではないと確認される。,G1|G7,,,,
field,sample-field-c272ac81b5ef,表現論,FULL,CORE,M,行列表示,行列表示,asserted,fields.json#sample-field-c272ac81b5ef:methods,行列表示 / 指標計算 / 既約分解 / 誘導表現 / テン,0.7,公式説明または本文証拠で、この方法を用いていないことが確認される。,G1|G7,,,,
field,sample-field-c272ac81b5ef,表現論,FULL,CORE,M,指標計算,指標計算,asserted,fields.json#sample-field-c272ac81b5ef:methods,行列表示 / 指標計算 / 既約分解 / 誘導表現 / テン,0.7,公式説明または本文証拠で、この方法を用いていないことが確認される。,G1|G7,,,,
field,sample-field-c272ac81b5ef,表現論,FULL,CORE,SC,科,,hypothesis,,,0.4,,G1|G7,,,,
field,sample-field-0a0f9070c33e,位相幾何学,FULL,CORE,Σ,図形を切ったり貼ったりせず、連続的に変形しても変わらない性質を研究する分野。,,asserted,fields.json#sample-field-0a0f9070c33e:beginnerDescription,図形を切ったり貼ったりせず、連続的に変形しても変わらない性質,0.76,追加証拠で、この要約主題が対象全体を表さないことが確認される。,G1|G7,,,,
field,sample-field-0a0f9070c33e,位相幾何学,FULL,CORE,IS,位相空間,,asserted,fields.json#sample-field-0a0f9070c33e:researchObjects,位相空間 / 連続写像 / 同相 / コンパクト性 / 連結,0.72,公式説明または本文証拠で、この対象を扱っていないことが確認される。,G1|G7,,,,
field,sample-field-0a0f9070c33e,位相幾何学,FULL,CORE,IS,連続写像,,asserted,fields.json#sample-field-0a0f9070c33e:researchObjects,位相空間 / 連続写像 / 同相 / コンパクト性 / 連結,0.72,公式説明または本文証拠で、この対象を扱っていないことが確認される。,G1|G7,,,,
field,sample-field-0a0f9070c33e,位相幾何学,FULL,CORE,IS,同相,,asserted,fields.json#sample-field-0a0f9070c33e:researchObjects,位相空間 / 連続写像 / 同相 / コンパクト性 / 連結,0.72,公式説明または本文証拠で、この対象を扱っていないことが確認される。,G1|G7,,,,
field,sample-field-0a0f9070c33e,位相幾何学,FULL,CORE,Q,図形を切らずに変形するとき、変わらずに残る性質は何か？,,asserted,fields.json#sample-field-0a0f9070c33e:questions,図形を切らずに変形するとき、変わらずに残る性質は何か？ / ,0.78,追加の公式説明で、この問いが当該資源の扱う問いではないと確認される。,G1|G7,,,,
field,sample-field-0a0f9070c33e,位相幾何学,FULL,CORE,Q,穴の数やつながり方を使うと、空間をどのように分類できるのか？,,asserted,fields.json#sample-field-0a0f9070c33e:questions,図形を切らずに変形するとき、変わらずに残る性質は何か？ / ,0.78,追加の公式説明で、この問いが当該資源の扱う問いではないと確認される。,G1|G7,,,,
field,sample-field-0a0f9070c33e,位相幾何学,FULL,CORE,M,連続変形,連続変形,asserted,fields.json#sample-field-0a0f9070c33e:methods,連続変形 / 同相写像 / 不変量 / 被覆 / 分類 / ,0.7,公式説明または本文証拠で、この方法を用いていないことが確認される。,G1|G7,,,,
field,sample-field-0a0f9070c33e,位相幾何学,FULL,CORE,M,同相写像,同相写像,asserted,fields.json#sample-field-0a0f9070c33e:methods,連続変形 / 同相写像 / 不変量 / 被覆 / 分類 / ,0.7,公式説明または本文証拠で、この方法を用いていないことが確認される。,G1|G7,,,,
field,sample-field-0a0f9070c33e,位相幾何学,FULL,CORE,SC,目,,hypothesis,,,0.4,,G1|G7,,,,
field,sample-field-5cce956a2700,力学系理論,FULL,CORE,Σ,時間とともに状態が変わる仕組みを研究する分野。,,asserted,fields.json#sample-field-5cce956a2700:beginnerDescription,時間とともに状態が変わる仕組みを研究する分野。安定した状態、,0.76,追加証拠で、この要約主題が対象全体を表さないことが確認される。,G1|G7,,,,
field,sample-field-5cce956a2700,力学系理論,FULL,CORE,IS,状態空間,,asserted,fields.json#sample-field-5cce956a2700:researchObjects,状態空間 / 軌道 / 固定点 / 周期軌道 / アトラクタ,0.72,公式説明または本文証拠で、この対象を扱っていないことが確認される。,G1|G7,,,,
field,sample-field-5cce956a2700,力学系理論,FULL,CORE,IS,軌道,,asserted,fields.json#sample-field-5cce956a2700:researchObjects,状態空間 / 軌道 / 固定点 / 周期軌道 / アトラクタ,0.72,公式説明または本文証拠で、この対象を扱っていないことが確認される。,G1|G7,,,,
field,sample-field-5cce956a2700,力学系理論,FULL,CORE,IS,固定点,,asserted,fields.json#sample-field-5cce956a2700:researchObjects,状態空間 / 軌道 / 固定点 / 周期軌道 / アトラクタ,0.72,公式説明または本文証拠で、この対象を扱っていないことが確認される。,G1|G7,,,,
field,sample-field-5cce956a2700,力学系理論,FULL,CORE,Q,同じ変化の規則から、安定、周期、カオスが生じるのはなぜか？,,asserted,fields.json#sample-field-5cce956a2700:questions,同じ変化の規則から、安定、周期、カオスが生じるのはなぜか？ ,0.78,追加の公式説明で、この問いが当該資源の扱う問いではないと確認される。,G1|G7,,,,
field,sample-field-5cce956a2700,力学系理論,FULL,CORE,Q,最初の状態の小さな違いが、長期的な結果を大きく変えるのはなぜか？,,asserted,fields.json#sample-field-5cce956a2700:questions,同じ変化の規則から、安定、周期、カオスが生じるのはなぜか？ ,0.78,追加の公式説明で、この問いが当該資源の扱う問いではないと確認される。,G1|G7,,,,
field,sample-field-5cce956a2700,力学系理論,FULL,CORE,M,安定性解析,安定性解析,asserted,fields.json#sample-field-5cce956a2700:methods,安定性解析 / 位相的共役 / エルゴード理論 / 分岐解析,0.7,公式説明または本文証拠で、この方法を用いていないことが確認される。,G1|G7,,,,
field,sample-field-5cce956a2700,力学系理論,FULL,CORE,M,位相的共役,位相的共役,asserted,fields.json#sample-field-5cce956a2700:methods,安定性解析 / 位相的共役 / エルゴード理論 / 分岐解析,0.7,公式説明または本文証拠で、この方法を用いていないことが確認される。,G1|G7,,,,
field,sample-field-5cce956a2700,力学系理論,FULL,CORE,SC,科,,hypothesis,,,0.4,,G1|G7,,,,
field,sample-field-debed2db00ba,統計学,FULL,CORE,Σ,データのばらつきを整理し、背後にある傾向や関係を明らかにする分野。,,asserted,fields.json#sample-field-debed2db00ba:beginnerDescription,データのばらつきを整理し、背後にある傾向や関係を明らかにする,0.76,追加証拠で、この要約主題が対象全体を表さないことが確認される。,G1|G7,,,,
field,sample-field-debed2db00ba,統計学,FULL,CORE,IS,データ,,asserted,fields.json#sample-field-debed2db00ba:researchObjects,データ / 標本 / 母集団 / 確率分布 / 統計量 / ,0.72,公式説明または本文証拠で、この対象を扱っていないことが確認される。,G1|G7,,,,
field,sample-field-debed2db00ba,統計学,FULL,CORE,IS,標本,,asserted,fields.json#sample-field-debed2db00ba:researchObjects,データ / 標本 / 母集団 / 確率分布 / 統計量 / ,0.72,公式説明または本文証拠で、この対象を扱っていないことが確認される。,G1|G7,,,,
field,sample-field-debed2db00ba,統計学,FULL,CORE,IS,母集団,,asserted,fields.json#sample-field-debed2db00ba:researchObjects,データ / 標本 / 母集団 / 確率分布 / 統計量 / ,0.72,公式説明または本文証拠で、この対象を扱っていないことが確認される。,G1|G7,,,,
field,sample-field-debed2db00ba,統計学,FULL,CORE,Q,データに見える差は、本当の違いなのか、それとも偶然のばらつきなのか？,,asserted,fields.json#sample-field-debed2db00ba:questions,データに見える差は、本当の違いなのか、それとも偶然のばらつき,0.78,追加の公式説明で、この問いが当該資源の扱う問いではないと確認される。,G1|G7,,,,
field,sample-field-debed2db00ba,統計学,FULL,CORE,Q,同じデータから異なる結論が出るとき、どの判断がより信頼できるかをどう比べるのか？,,asserted,fields.json#sample-field-debed2db00ba:questions,データに見える差は、本当の違いなのか、それとも偶然のばらつき,0.78,追加の公式説明で、この問いが当該資源の扱う問いではないと確認される。,G1|G7,,,,
field,sample-field-debed2db00ba,統計学,FULL,CORE,M,標本設計,標本設計,asserted,fields.json#sample-field-debed2db00ba:methods,標本設計 / 確率モデリング / 推定 / 検定 / 回帰 ,0.7,公式説明または本文証拠で、この方法を用いていないことが確認される。,G1|G7,,,,
field,sample-field-debed2db00ba,統計学,FULL,CORE,M,確率モデリング,確率モデリング,asserted,fields.json#sample-field-debed2db00ba:methods,標本設計 / 確率モデリング / 推定 / 検定 / 回帰 ,0.7,公式説明または本文証拠で、この方法を用いていないことが確認される。,G1|G7,,,,
field,sample-field-debed2db00ba,統計学,FULL,CORE,SC,綱,,hypothesis,,,0.4,,G1|G7,,,,
field,sample-field-444b4ac889a8,理論計算機科学,FULL,CORE,Σ,計算とは何か、問題を効率よく解くには何が必要かを数学的に研究する学問群。,,asserted,fields.json#sample-field-444b4ac889a8:beginnerDescription,計算とは何か、問題を効率よく解くには何が必要かを数学的に研究,0.76,追加証拠で、この要約主題が対象全体を表さないことが確認される。,G1|G7,,,,
field,sample-field-444b4ac889a8,理論計算機科学,FULL,CORE,IS,計算問題,,asserted,fields.json#sample-field-444b4ac889a8:researchObjects,計算問題 / アルゴリズム / 計算モデル / 言語 / 証,0.72,公式説明または本文証拠で、この対象を扱っていないことが確認される。,G1|G7,,,,
field,sample-field-444b4ac889a8,理論計算機科学,FULL,CORE,IS,アルゴリズム,,asserted,fields.json#sample-field-444b4ac889a8:researchObjects,計算問題 / アルゴリズム / 計算モデル / 言語 / 証,0.72,公式説明または本文証拠で、この対象を扱っていないことが確認される。,G1|G7,,,,
field,sample-field-444b4ac889a8,理論計算機科学,FULL,CORE,IS,計算モデル,,asserted,fields.json#sample-field-444b4ac889a8:researchObjects,計算問題 / アルゴリズム / 計算モデル / 言語 / 証,0.72,公式説明または本文証拠で、この対象を扱っていないことが確認される。,G1|G7,,,,
field,sample-field-444b4ac889a8,理論計算機科学,FULL,CORE,Q,問題の内容が違っても、計算の難しさを共通の尺度でどこまで比較できるのか？,,asserted,fields.json#sample-field-444b4ac889a8:questions,問題の内容が違っても、計算の難しさを共通の尺度でどこまで比較,0.78,追加の公式説明で、この問いが当該資源の扱う問いではないと確認される。,G1|G7,,,,
field,sample-field-444b4ac889a8,理論計算機科学,FULL,CORE,Q,コンピュータの方式が変わっても変わらない、計算の根本的な限界は何か？,,asserted,fields.json#sample-field-444b4ac889a8:questions,問題の内容が違っても、計算の難しさを共通の尺度でどこまで比較,0.78,追加の公式説明で、この問いが当該資源の扱う問いではないと確認される。,G1|G7,,,,
field,sample-field-444b4ac889a8,理論計算機科学,FULL,CORE,M,形式化,形式化,asserted,fields.json#sample-field-444b4ac889a8:methods,形式化 / 数学的証明 / 還元 / アルゴリズム設計 / ,0.7,公式説明または本文証拠で、この方法を用いていないことが確認される。,G1|G7,,,,
field,sample-field-444b4ac889a8,理論計算機科学,FULL,CORE,M,数学的証明,数学的証明,asserted,fields.json#sample-field-444b4ac889a8:methods,形式化 / 数学的証明 / 還元 / アルゴリズム設計 / ,0.7,公式説明または本文証拠で、この方法を用いていないことが確認される。,G1|G7,,,,
field,sample-field-444b4ac889a8,理論計算機科学,FULL,CORE,SC,門,,hypothesis,,,0.4,,G1|G7,,,,
field,sample-field-c501f8a19346,システム・制御理論,FULL,CORE,Σ,動くシステムの状態を理解し、望ましい動きへ導く方法を研究する分野。,,asserted,fields.json#sample-field-c501f8a19346:beginnerDescription,動くシステムの状態を理解し、望ましい動きへ導く方法を研究する,0.76,追加証拠で、この要約主題が対象全体を表さないことが確認される。,G1|G7,,,,
field,sample-field-c501f8a19346,システム・制御理論,FULL,CORE,IS,状態,,asserted,fields.json#sample-field-c501f8a19346:researchObjects,状態 / 入力 / 出力 / 観測 / 制御器 / 外乱 /,0.72,公式説明または本文証拠で、この対象を扱っていないことが確認される。,G1|G7,,,,
field,sample-field-c501f8a19346,システム・制御理論,FULL,CORE,IS,入力,,asserted,fields.json#sample-field-c501f8a19346:researchObjects,状態 / 入力 / 出力 / 観測 / 制御器 / 外乱 /,0.72,公式説明または本文証拠で、この対象を扱っていないことが確認される。,G1|G7,,,,
field,sample-field-c501f8a19346,システム・制御理論,FULL,CORE,IS,出力,,asserted,fields.json#sample-field-c501f8a19346:researchObjects,状態 / 入力 / 出力 / 観測 / 制御器 / 外乱 /,0.72,公式説明または本文証拠で、この対象を扱っていないことが確認される。,G1|G7,,,,
field,sample-field-c501f8a19346,システム・制御理論,FULL,CORE,Q,すべての状態を直接測れないシステムを、限られた観測からどう制御できるのか？,,asserted,fields.json#sample-field-c501f8a19346:questions,すべての状態を直接測れないシステムを、限られた観測からどう制,0.78,追加の公式説明で、この問いが当該資源の扱う問いではないと確認される。,G1|G7,,,,
field,sample-field-c501f8a19346,システム・制御理論,FULL,CORE,Q,モデルが現実と少し違っていても、安定して目的を達成する制御はどう設計できるのか？,,asserted,fields.json#sample-field-c501f8a19346:questions,すべての状態を直接測れないシステムを、限られた観測からどう制,0.78,追加の公式説明で、この問いが当該資源の扱う問いではないと確認される。,G1|G7,,,,
field,sample-field-c501f8a19346,システム・制御理論,FULL,CORE,M,数理モデル,数理モデル,asserted,fields.json#sample-field-c501f8a19346:methods,数理モデル / 状態空間表現 / シミュレーション / 最適,0.7,公式説明または本文証拠で、この方法を用いていないことが確認される。,G1|G7,,,,
field,sample-field-c501f8a19346,システム・制御理論,FULL,CORE,M,状態空間表現,状態空間表現,asserted,fields.json#sample-field-c501f8a19346:methods,数理モデル / 状態空間表現 / シミュレーション / 最適,0.7,公式説明または本文証拠で、この方法を用いていないことが確認される。,G1|G7,,,,
field,sample-field-c501f8a19346,システム・制御理論,FULL,CORE,SC,目,,hypothesis,,,0.4,,G1|G7,,,,
field,sample-field-521f89cb1d69,弦理論・超対称性,FULL,CORE,Σ,素粒子を点ではなく微小なひもとして捉え、重力を含むすべての力を統一しようとする理論と、粒子間の新しい対称性を研究する分野。,,asserted,fields.json#sample-field-521f89cb1d69:beginnerDescription,素粒子を点ではなく微小なひもとして捉え、重力を含むすべての力,0.76,追加証拠で、この要約主題が対象全体を表さないことが確認される。,G7,,,,
field,sample-field-521f89cb1d69,弦理論・超対称性,FULL,CORE,IS,弦,,asserted,fields.json#sample-field-521f89cb1d69:researchObjects,弦 / ブレーン / 余剰次元 / 超対称粒子 / 双対性 ,0.72,公式説明または本文証拠で、この対象を扱っていないことが確認される。,G7,,,,
field,sample-field-521f89cb1d69,弦理論・超対称性,FULL,CORE,IS,ブレーン,,asserted,fields.json#sample-field-521f89cb1d69:researchObjects,弦 / ブレーン / 余剰次元 / 超対称粒子 / 双対性 ,0.72,公式説明または本文証拠で、この対象を扱っていないことが確認される。,G7,,,,
field,sample-field-521f89cb1d69,弦理論・超対称性,FULL,CORE,IS,余剰次元,,asserted,fields.json#sample-field-521f89cb1d69:researchObjects,弦 / ブレーン / 余剰次元 / 超対称粒子 / 双対性 ,0.72,公式説明または本文証拠で、この対象を扱っていないことが確認される。,G7,,,,
field,sample-field-521f89cb1d69,弦理論・超対称性,FULL,CORE,Q,粒子と力をすべて同じ基本的なひもの振動として説明することは可能か？,,asserted,fields.json#sample-field-521f89cb1d69:questions,粒子と力をすべて同じ基本的なひもの振動として説明することは可,0.78,追加の公式説明で、この問いが当該資源の扱う問いではないと確認される。,G7,,,,
field,sample-field-521f89cb1d69,弦理論・超対称性,FULL,CORE,Q,時空そのものが、より基本的な量子情報や場の関係から生まれる可能性はあるのか？,,asserted,fields.json#sample-field-521f89cb1d69:questions,粒子と力をすべて同じ基本的なひもの振動として説明することは可,0.78,追加の公式説明で、この問いが当該資源の扱う問いではないと確認される。,G7,,,,
field,sample-field-521f89cb1d69,弦理論・超対称性,FULL,CORE,M,理論モデル,理論モデル,asserted,fields.json#sample-field-521f89cb1d69:methods,理論モデル / 精密測定 / 実験 / 数値計算 / シミュ,0.7,公式説明または本文証拠で、この方法を用いていないことが確認される。,G7,,,,
field,sample-field-521f89cb1d69,弦理論・超対称性,FULL,CORE,M,精密測定,精密測定,asserted,fields.json#sample-field-521f89cb1d69:methods,理論モデル / 精密測定 / 実験 / 数値計算 / シミュ,0.7,公式説明または本文証拠で、この方法を用いていないことが確認される。,G7,,,,
field,sample-field-521f89cb1d69,弦理論・超対称性,FULL,CORE,SC,科,,hypothesis,,,0.4,,G7,,,,
field,sample-field-c61fedefcf07,固体物理・半導体物理,FULL,CORE,Σ,結晶中の電子や原子の動きを研究し、電気を通す物質、通さない物質、その中間である半導体の性質を明らかにする分野。,,asserted,fields.json#sample-field-c61fedefcf07:beginnerDescription,結晶中の電子や原子の動きを研究し、電気を通す物質、通さない物,0.76,追加証拠で、この要約主題が対象全体を表さないことが確認される。,G7,,,,
field,sample-field-c61fedefcf07,固体物理・半導体物理,FULL,CORE,IS,結晶格子,,asserted,fields.json#sample-field-c61fedefcf07:researchObjects,結晶格子 / 電子バンド / 正孔 / フォノン / 不純物,0.72,公式説明または本文証拠で、この対象を扱っていないことが確認される。,G7,,,,
field,sample-field-c61fedefcf07,固体物理・半導体物理,FULL,CORE,IS,電子バンド,,asserted,fields.json#sample-field-c61fedefcf07:researchObjects,結晶格子 / 電子バンド / 正孔 / フォノン / 不純物,0.72,公式説明または本文証拠で、この対象を扱っていないことが確認される。,G7,,,,
field,sample-field-c61fedefcf07,固体物理・半導体物理,FULL,CORE,IS,正孔,,asserted,fields.json#sample-field-c61fedefcf07:researchObjects,結晶格子 / 電子バンド / 正孔 / フォノン / 不純物,0.72,公式説明または本文証拠で、この対象を扱っていないことが確認される。,G7,,,,
field,sample-field-c61fedefcf07,固体物理・半導体物理,FULL,CORE,Q,電子が同じ物質中にあるのに、電気を通す場合と通さない場合が生じるのはなぜか？,,asserted,fields.json#sample-field-c61fedefcf07:questions,電子が同じ物質中にあるのに、電気を通す場合と通さない場合が生,0.78,追加の公式説明で、この問いが当該資源の扱う問いではないと確認される。,G7,,,,
field,sample-field-c61fedefcf07,固体物理・半導体物理,FULL,CORE,Q,わずかな不純物や界面の設計によって、半導体の電気的・光学的性質をどこまで変えられるのか？,,asserted,fields.json#sample-field-c61fedefcf07:questions,電子が同じ物質中にあるのに、電気を通す場合と通さない場合が生,0.78,追加の公式説明で、この問いが当該資源の扱う問いではないと確認される。,G7,,,,
field,sample-field-c61fedefcf07,固体物理・半導体物理,FULL,CORE,M,理論モデル,理論モデル,asserted,fields.json#sample-field-c61fedefcf07:methods,理論モデル / 精密測定 / 実験 / 数値計算 / シミュ,0.7,公式説明または本文証拠で、この方法を用いていないことが確認される。,G7,,,,
field,sample-field-c61fedefcf07,固体物理・半導体物理,FULL,CORE,M,精密測定,精密測定,asserted,fields.json#sample-field-c61fedefcf07:methods,理論モデル / 精密測定 / 実験 / 数値計算 / シミュ,0.7,公式説明または本文証拠で、この方法を用いていないことが確認される。,G7,,,,
field,sample-field-c61fedefcf07,固体物理・半導体物理,FULL,CORE,SC,科,,hypothesis,,,0.4,,G7,,,,
society,sample-society-d703e1c50d2e,システム制御情報学会,RAPID,EXPR,Σ,システム、制御、情報、計測、最適化、知能情報処理などを横断的に扱う国内学会。,,asserted,societies.json#sample-society-d703e1c50d2e:description,システム、制御、情報、計測、最適化、知能情報処理などを横断的,0.6,,G1,,,,
society,sample-society-d703e1c50d2e,システム制御情報学会,RAPID,EXPR,IS,最適化,,asserted,societies.json#sample-society-d703e1c50d2e:description,システム、制御、情報、計測、最適化、知能情報処理などを横断的,0.6,,G1,,,,
society,sample-society-d703e1c50d2e,システム制御情報学会,RAPID,EXPR,IS,複雑な対象をモデル化し,,asserted,societies.json#sample-society-d703e1c50d2e:description,システム、制御、情報、計測、最適化、知能情報処理などを横断的,0.6,,G1,,,,
society,sample-society-d703e1c50d2e,システム制御情報学会,RAPID,EXPR,Q,複数の要素が相互作用するシステムは、どのようにモデル化すれば全体の振る舞いを理解できるのか？,,asserted,societies.json#sample-society-d703e1c50d2e:questions,複数の要素が相互作用するシステムは、どのようにモデル化すれば,0.6,,G1,,,,
society,sample-society-d703e1c50d2e,システム制御情報学会,RAPID,EXPR,Q,複雑なシステムを望ましい状態へ動かすには、制御、情報処理、最適化、知能化をどのように組み合わせればよいのか？,,asserted,societies.json#sample-society-d703e1c50d2e:questions,複数の要素が相互作用するシステムは、どのようにモデル化すれば,0.6,,G1,,,,
society,sample-society-d703e1c50d2e,システム制御情報学会,RAPID,EXPR,M,理論的分析,理論研究,asserted,societies.json#sample-society-d703e1c50d2e:description,システム、制御、情報、計測、最適化、知能情報処理などを横断的,0.6,,G1,,,,
society,sample-society-d703e1c50d2e,システム制御情報学会,RAPID,EXPR,M,モデリング,モデリング,asserted,societies.json#sample-society-d703e1c50d2e:description,システム、制御、情報、計測、最適化、知能情報処理などを横断的,0.6,,G1,,,,
society,sample-society-d703e1c50d2e,システム制御情報学会,RAPID,EXPR,SC,国内,,hypothesis,,,0.4,,G1,,,,
society,sample-society-1119546fbd7d,ACM,RAPID,EXPR,Σ,計算機科学に関する国際的な主要学会組織。,,asserted,societies.json#sample-society-1119546fbd7d:description,計算機科学に関する国際的な主要学会組織。ソフトウェア、データ,0.6,,,,,,
society,sample-society-1119546fbd7d,ACM,RAPID,EXPR,IS,ソフトウェア,,asserted,societies.json#sample-society-1119546fbd7d:description,計算機科学に関する国際的な主要学会組織。ソフトウェア、データ,0.6,,,,,,
society,sample-society-1119546fbd7d,ACM,RAPID,EXPR,IS,データベース,,asserted,societies.json#sample-society-1119546fbd7d:description,計算機科学に関する国際的な主要学会組織。ソフトウェア、データ,0.6,,,,,,
society,sample-society-1119546fbd7d,ACM,RAPID,EXPR,IS,分散処理,,asserted,societies.json#sample-society-1119546fbd7d:description,計算機科学に関する国際的な主要学会組織。ソフトウェア、データ,0.6,,,,,,
society,sample-society-1119546fbd7d,ACM,RAPID,EXPR,Q,計算機システムは、ハードウェア、OS、プログラム、データ、ネットワークをどのように組み合わせて動いているのか？,,asserted,societies.json#sample-society-1119546fbd7d:questions,計算機システムは、ハードウェア、OS、プログラム、データ、ネ,0.6,,,,,,
society,sample-society-1119546fbd7d,ACM,RAPID,EXPR,Q,計算機科学を発展させるには、アルゴリズム、システム、ソフトウェア、データ管理、ユーザーとの関係をどのように結びつける必要があるのか？,,asserted,societies.json#sample-society-1119546fbd7d:questions,計算機システムは、ハードウェア、OS、プログラム、データ、ネ,0.6,,,,,,
society,sample-society-1119546fbd7d,ACM,RAPID,EXPR,M,理論的分析,理論研究,asserted,societies.json#sample-society-1119546fbd7d:description,計算機科学に関する国際的な主要学会組織。ソフトウェア、データ,0.6,,,,,,
society,sample-society-1119546fbd7d,ACM,RAPID,EXPR,SC,国際,,hypothesis,,,0.4,,,,,,
society,sample-society-87e1eaed1a84,日本刑法学会,RAPID,EXPR,Σ,刑法・刑事法に関する国内学会。,,asserted,societies.json#sample-society-87e1eaed1a84:description,刑法・刑事法に関する国内学会。犯罪、刑罰、刑法理論、刑事政策,0.6,,G1,,,,
society,sample-society-87e1eaed1a84,日本刑法学会,RAPID,EXPR,IS,刑法・刑事法に関する国内学会,,asserted,societies.json#sample-society-87e1eaed1a84:description,刑法・刑事法に関する国内学会。犯罪、刑罰、刑法理論、刑事政策,0.6,,G1,,,,
society,sample-society-87e1eaed1a84,日本刑法学会,RAPID,EXPR,IS,刑法理論,,asserted,societies.json#sample-society-87e1eaed1a84:description,刑法・刑事法に関する国内学会。犯罪、刑罰、刑法理論、刑事政策,0.6,,G1,,,,
society,sample-society-87e1eaed1a84,日本刑法学会,RAPID,EXPR,IS,刑事政策,,asserted,societies.json#sample-society-87e1eaed1a84:description,刑法・刑事法に関する国内学会。犯罪、刑罰、刑法理論、刑事政策,0.6,,G1,,,,
society,sample-society-87e1eaed1a84,日本刑法学会,RAPID,EXPR,Q,どのような行為を犯罪とし、刑罰を科すことはどのように正当化されるのか？,,asserted,societies.json#sample-society-87e1eaed1a84:questions,どのような行為を犯罪とし、刑罰を科すことはどのように正当化さ,0.6,,G1,,,,
society,sample-society-87e1eaed1a84,日本刑法学会,RAPID,EXPR,Q,刑事法を研究するには、刑法理論、判例、刑事手続、犯罪学、刑事政策をどう組み合わせる必要があるのか？,,asserted,societies.json#sample-society-87e1eaed1a84:questions,どのような行為を犯罪とし、刑罰を科すことはどのように正当化さ,0.6,,G1,,,,
society,sample-society-87e1eaed1a84,日本刑法学会,RAPID,EXPR,M,理論的分析,理論研究,asserted,societies.json#sample-society-87e1eaed1a84:description,刑法・刑事法に関する国内学会。犯罪、刑罰、刑法理論、刑事政策,0.6,,G1,,,,
society,sample-society-87e1eaed1a84,日本刑法学会,RAPID,EXPR,SC,国内,,hypothesis,,,0.4,,G1,,,,
society,sample-society-25a7865f4ff8,American Anthropological Association (AAA),RAPID,EXPR,Σ,人類学に関する国際的な主要学会。,,asserted,societies.json#sample-society-25a7865f4ff8:description,人類学に関する国際的な主要学会。文化人類学、社会人類学、言語,0.6,,,,,,
society,sample-society-25a7865f4ff8,American Anthropological Association (AAA),RAPID,EXPR,IS,人類学に関する国際的な主要学会,,asserted,societies.json#sample-society-25a7865f4ff8:description,人類学に関する国際的な主要学会。文化人類学、社会人類学、言語,0.6,,,,,,
society,sample-society-25a7865f4ff8,American Anthropological Association (AAA),RAPID,EXPR,IS,文化人類学,,asserted,societies.json#sample-society-25a7865f4ff8:description,人類学に関する国際的な主要学会。文化人類学、社会人類学、言語,0.6,,,,,,
society,sample-society-25a7865f4ff8,American Anthropological Association (AAA),RAPID,EXPR,IS,社会人類学,,asserted,societies.json#sample-society-25a7865f4ff8:description,人類学に関する国際的な主要学会。文化人類学、社会人類学、言語,0.6,,,,,,
society,sample-society-25a7865f4ff8,American Anthropological Association (AAA),RAPID,EXPR,Q,人類の文化、社会、言語、身体、歴史は、地域や時代を超えてどのように多様化してきたのか？,,asserted,societies.json#sample-society-25a7865f4ff8:questions,人類の文化、社会、言語、身体、歴史は、地域や時代を超えてどの,0.6,,,,,,
society,sample-society-25a7865f4ff8,American Anthropological Association (AAA),RAPID,EXPR,Q,人類学を発展させるには、民族誌、現地調査、比較、言語、歴史、倫理をどう結びつける必要があるのか？,,asserted,societies.json#sample-society-25a7865f4ff8:questions,人類の文化、社会、言語、身体、歴史は、地域や時代を超えてどの,0.6,,,,,,
society,sample-society-25a7865f4ff8,American Anthropological Association (AAA),RAPID,EXPR,M,調査,調査,asserted,societies.json#sample-society-25a7865f4ff8:description,人類学に関する国際的な主要学会。文化人類学、社会人類学、言語,0.6,,,,,,
society,sample-society-25a7865f4ff8,American Anthropological Association (AAA),RAPID,EXPR,M,比較分析,比較分析,asserted,societies.json#sample-society-25a7865f4ff8:description,人類学に関する国際的な主要学会。文化人類学、社会人類学、言語,0.6,,,,,,
society,sample-society-25a7865f4ff8,American Anthropological Association (AAA),RAPID,EXPR,SC,国際,,hypothesis,,,0.4,,,,,,
society,sample-society-54143c54fbfa,日本動脈硬化学会,RAPID,EXPR,Σ,動脈硬化と脂質代謝に関する国内学会。,,asserted,societies.json#sample-society-54143c54fbfa:description,動脈硬化と脂質代謝に関する国内学会。脂質異常症、血管炎症、プ,0.6,,,,,,
society,sample-society-54143c54fbfa,日本動脈硬化学会,RAPID,EXPR,IS,動脈硬化と脂質代謝に関する国内学会,,asserted,societies.json#sample-society-54143c54fbfa:description,動脈硬化と脂質代謝に関する国内学会。脂質異常症、血管炎症、プ,0.6,,,,,,
society,sample-society-54143c54fbfa,日本動脈硬化学会,RAPID,EXPR,IS,脂質異常症,,asserted,societies.json#sample-society-54143c54fbfa:description,動脈硬化と脂質代謝に関する国内学会。脂質異常症、血管炎症、プ,0.6,,,,,,
society,sample-society-54143c54fbfa,日本動脈硬化学会,RAPID,EXPR,IS,血管炎症,,asserted,societies.json#sample-society-54143c54fbfa:description,動脈硬化と脂質代謝に関する国内学会。脂質異常症、血管炎症、プ,0.6,,,,,,
society,sample-society-54143c54fbfa,日本動脈硬化学会,RAPID,EXPR,Q,血管の中で脂質、炎症、内皮障害が重なると、動脈硬化はどのように進行するのか？,,asserted,societies.json#sample-society-54143c54fbfa:questions,血管の中で脂質、炎症、内皮障害が重なると、動脈硬化はどのよう,0.6,,,,,,
society,sample-society-54143c54fbfa,日本動脈硬化学会,RAPID,EXPR,Q,心筋梗塞や脳卒中を防ぐには、脂質管理、生活習慣、薬物療法、リスク評価をどのように組み合わせる必要があるのか？,,asserted,societies.json#sample-society-54143c54fbfa:questions,血管の中で脂質、炎症、内皮障害が重なると、動脈硬化はどのよう,0.6,,,,,,
society,sample-society-54143c54fbfa,日本動脈硬化学会,RAPID,EXPR,SC,国内,,hypothesis,,,0.4,,,,,,
society,sample-society-db13fc2d3f84,日本生化学会,RAPID,EXPR,Σ,生化学に関する国内学会。,,asserted,societies.json#sample-society-db13fc2d3f84:description,生化学に関する国内学会。元データでは分子生物学にも紐づき、遺,0.6,,,,,,
society,sample-society-db13fc2d3f84,日本生化学会,RAPID,EXPR,IS,分子生物学,,asserted,societies.json#sample-society-db13fc2d3f84:description,生化学に関する国内学会。元データでは分子生物学にも紐づき、遺,0.6,,,,,,
society,sample-society-db13fc2d3f84,日本生化学会,RAPID,EXPR,Q,DNA、RNA、タンパク質、酵素の働きは、細胞内の反応や生命現象をどのように支えているのか？,,asserted,societies.json#sample-society-db13fc2d3f84:questions,DNA、RNA、タンパク質、酵素の働きは、細胞内の反応や生命,0.6,,,,,,
society,sample-society-db13fc2d3f84,日本生化学会,RAPID,EXPR,Q,分子生物学と生化学を組み合わせると、遺伝子発現、タンパク質機能、代謝異常をどのように理解できるのか？,,asserted,societies.json#sample-society-db13fc2d3f84:questions,DNA、RNA、タンパク質、酵素の働きは、細胞内の反応や生命,0.6,,,,,,
society,sample-society-db13fc2d3f84,日本生化学会,RAPID,EXPR,SC,国内,,hypothesis,,,0.4,,,,,,
society,sample-society-18b049282fe4,日本薬剤疫学会,RAPID,EXPR,Σ,薬剤疫学に関する国内学会。,,asserted,societies.json#sample-society-18b049282fe4:description,薬剤疫学に関する国内学会。医薬品の有効性、安全性、使用実態、,0.6,,,,,,
society,sample-society-18b049282fe4,日本薬剤疫学会,RAPID,EXPR,IS,薬剤疫学に関する国内学会,,asserted,societies.json#sample-society-18b049282fe4:description,薬剤疫学に関する国内学会。医薬品の有効性、安全性、使用実態、,0.6,,,,,,
society,sample-society-18b049282fe4,日本薬剤疫学会,RAPID,EXPR,IS,医薬品の有効性,,asserted,societies.json#sample-society-18b049282fe4:description,薬剤疫学に関する国内学会。医薬品の有効性、安全性、使用実態、,0.6,,,,,,
society,sample-society-18b049282fe4,日本薬剤疫学会,RAPID,EXPR,IS,安全性,,asserted,societies.json#sample-society-18b049282fe4:description,薬剤疫学に関する国内学会。医薬品の有効性、安全性、使用実態、,0.6,,,,,,
society,sample-society-18b049282fe4,日本薬剤疫学会,RAPID,EXPR,Q,実際の医療現場で使われる薬は、集団の中でどのような効果や副作用、使用パターンを示しているのか？,,asserted,societies.json#sample-society-18b049282fe4:questions,実際の医療現場で使われる薬は、集団の中でどのような効果や副作,0.6,,,,,,
society,sample-society-18b049282fe4,日本薬剤疫学会,RAPID,EXPR,Q,薬剤疫学では、医療データから薬の安全性や有効性を評価するために、交絡、バイアス、因果関係をどう扱う必要があるのか？,,asserted,societies.json#sample-society-18b049282fe4:questions,実際の医療現場で使われる薬は、集団の中でどのような効果や副作,0.6,,,,,,
society,sample-society-18b049282fe4,日本薬剤疫学会,RAPID,EXPR,SC,国内,,hypothesis,,,0.4,,,,,,
society,sample-society-4495879934d1,"Society for Mining, Metallurgy & Exploration (SME)",RAPID,EXPR,Σ,鉱業・冶金・資源探査に関する国際的な専門組織。,,asserted,societies.json#sample-society-4495879934d1:description,鉱業・冶金・資源探査に関する国際的な専門組織。採鉱、選鉱、鉱,0.6,,,,,,
society,sample-society-4495879934d1,"Society for Mining, Metallurgy & Exploration (SME)",RAPID,EXPR,IS,鉱山安全,,asserted,societies.json#sample-society-4495879934d1:description,鉱業・冶金・資源探査に関する国際的な専門組織。採鉱、選鉱、鉱,0.6,,,,,,
society,sample-society-4495879934d1,"Society for Mining, Metallurgy & Exploration (SME)",RAPID,EXPR,IS,鉱物資源,,asserted,societies.json#sample-society-4495879934d1:description,鉱業・冶金・資源探査に関する国際的な専門組織。採鉱、選鉱、鉱,0.6,,,,,,
society,sample-society-4495879934d1,"Society for Mining, Metallurgy & Exploration (SME)",RAPID,EXPR,Q,鉱物資源は、地質、探査、採鉱、選鉱、環境条件によってどのように開発されるのか？,,asserted,societies.json#sample-society-4495879934d1:questions,鉱物資源は、地質、探査、採鉱、選鉱、環境条件によってどのよう,0.6,,,,,,
society,sample-society-4495879934d1,"Society for Mining, Metallurgy & Exploration (SME)",RAPID,EXPR,Q,鉱業を持続可能に行うには、資源評価、採掘技術、安全、環境対策、経済性をどう組み合わせる必要があるのか？,,asserted,societies.json#sample-society-4495879934d1:questions,鉱物資源は、地質、探査、採鉱、選鉱、環境条件によってどのよう,0.6,,,,,,
society,sample-society-4495879934d1,"Society for Mining, Metallurgy & Exploration (SME)",RAPID,EXPR,SC,国際,,hypothesis,,,0.4,,,,,,
society,sample-society-50334f1b65ba,American Astronautical Society,RAPID,EXPR,Σ,宇宙航行・宇宙工学に関する国際学会。,,asserted,societies.json#sample-society-50334f1b65ba:description,宇宙航行・宇宙工学に関する国際学会。宇宙ミッション、軌道、宇,0.6,,,,,,
society,sample-society-50334f1b65ba,American Astronautical Society,RAPID,EXPR,IS,宇宙航行・宇宙工学に関する国際学会,,asserted,societies.json#sample-society-50334f1b65ba:description,宇宙航行・宇宙工学に関する国際学会。宇宙ミッション、軌道、宇,0.6,,,,,,
society,sample-society-50334f1b65ba,American Astronautical Society,RAPID,EXPR,IS,宇宙ミッション,,asserted,societies.json#sample-society-50334f1b65ba:description,宇宙航行・宇宙工学に関する国際学会。宇宙ミッション、軌道、宇,0.6,,,,,,
society,sample-society-50334f1b65ba,American Astronautical Society,RAPID,EXPR,IS,宇宙機,,asserted,societies.json#sample-society-50334f1b65ba:description,宇宙航行・宇宙工学に関する国際学会。宇宙ミッション、軌道、宇,0.6,,,,,,
society,sample-society-50334f1b65ba,American Astronautical Society,RAPID,EXPR,Q,宇宙機や探査ミッションは、軌道、推進、通信、運用、目的設計をどのように組み合わせて実現されているのか？,,asserted,societies.json#sample-society-50334f1b65ba:questions,宇宙機や探査ミッションは、軌道、推進、通信、運用、目的設計を,0.6,,,,,,
society,sample-society-50334f1b65ba,American Astronautical Society,RAPID,EXPR,Q,宇宙航行を発展させるには、宇宙工学、ミッション設計、軌道力学、政策、運用技術をどう結びつける必要があるのか？,,asserted,societies.json#sample-society-50334f1b65ba:questions,宇宙機や探査ミッションは、軌道、推進、通信、運用、目的設計を,0.6,,,,,,
society,sample-society-50334f1b65ba,American Astronautical Society,RAPID,EXPR,SC,国際,,hypothesis,,,0.4,,,,,,
society,sample-society-97696e16fe66,日本臨床腫瘍学会,RAPID,EXPR,Σ,臨床腫瘍学に関する国内学会。,,asserted,societies.json#sample-society-97696e16fe66:description,臨床腫瘍学に関する国内学会。がん薬物療法、臨床試験、分子標的,0.6,,G4,,,,
society,sample-society-97696e16fe66,日本臨床腫瘍学会,RAPID,EXPR,IS,臨床腫瘍学に関する国内学会,,asserted,societies.json#sample-society-97696e16fe66:description,臨床腫瘍学に関する国内学会。がん薬物療法、臨床試験、分子標的,0.6,,G4,,,,
society,sample-society-97696e16fe66,日本臨床腫瘍学会,RAPID,EXPR,IS,がん薬物療法,,asserted,societies.json#sample-society-97696e16fe66:description,臨床腫瘍学に関する国内学会。がん薬物療法、臨床試験、分子標的,0.6,,G4,,,,
society,sample-society-97696e16fe66,日本臨床腫瘍学会,RAPID,EXPR,IS,臨床試験,,asserted,societies.json#sample-society-97696e16fe66:description,臨床腫瘍学に関する国内学会。がん薬物療法、臨床試験、分子標的,0.6,,G4,,,,
society,sample-society-97696e16fe66,日本臨床腫瘍学会,RAPID,EXPR,Q,がん薬物療法は、腫瘍の遺伝子、病期、患者状態、副作用、治療目標によってどのように選択されているのか？,,asserted,societies.json#sample-society-97696e16fe66:questions,がん薬物療法は、腫瘍の遺伝子、病期、患者状態、副作用、治療目,0.6,,G4,,,,
society,sample-society-97696e16fe66,日本臨床腫瘍学会,RAPID,EXPR,Q,臨床腫瘍学を進めるには、薬物療法、バイオマーカー、臨床試験、副作用管理、患者支援をどう組み合わせる必要があるのか？,,asserted,societies.json#sample-society-97696e16fe66:questions,がん薬物療法は、腫瘍の遺伝子、病期、患者状態、副作用、治療目,0.6,,G4,,,,
journal,sample-journal-c01e826c2723,システム/制御/情報（システム制御情報学会誌）,RAPID,EXPR,Σ,システム制御情報学会が発行する、システム、制御、情報に関する研究成果を扱う査読付き学術誌。,,asserted,journals.json#sample-journal-c01e826c2723:description,システム制御情報学会が発行する、システム、制御、情報に関する,0.6,,G1,,,,
journal,sample-journal-c01e826c2723,システム/制御/情報（システム制御情報学会誌）,RAPID,EXPR,IS,制御理論,,asserted,journals.json#sample-journal-c01e826c2723:description,システム制御情報学会が発行する、システム、制御、情報に関する,0.6,,G1,,,,
journal,sample-journal-c01e826c2723,システム/制御/情報（システム制御情報学会誌）,RAPID,EXPR,IS,システム科学,,asserted,journals.json#sample-journal-c01e826c2723:description,システム制御情報学会が発行する、システム、制御、情報に関する,0.6,,G1,,,,
journal,sample-journal-c01e826c2723,システム/制御/情報（システム制御情報学会誌）,RAPID,EXPR,Q,複雑な対象をシステムとしてモデル化し、その状態や振る舞いをどのように解析・制御できるのか？,,asserted,journals.json#sample-journal-c01e826c2723:questions,複雑な対象をシステムとしてモデル化し、その状態や振る舞いをど,0.6,,G1,,,,
journal,sample-journal-c01e826c2723,システム/制御/情報（システム制御情報学会誌）,RAPID,EXPR,Q,データ、モデル、最適化、制御理論を組み合わせることで、実システムの性能・安全性・信頼性をどう高められるのか？,,asserted,journals.json#sample-journal-c01e826c2723:questions,複雑な対象をシステムとしてモデル化し、その状態や振る舞いをど,0.6,,G1,,,,
journal,sample-journal-c01e826c2723,システム/制御/情報（システム制御情報学会誌）,RAPID,EXPR,M,理論的分析,理論研究,asserted,journals.json#sample-journal-c01e826c2723:description,システム制御情報学会が発行する、システム、制御、情報に関する,0.6,,G1,,,,
journal,sample-journal-c01e826c2723,システム/制御/情報（システム制御情報学会誌）,RAPID,EXPR,M,モデリング,モデリング,asserted,journals.json#sample-journal-c01e826c2723:description,システム制御情報学会が発行する、システム、制御、情報に関する,0.6,,G1,,,,
journal,sample-journal-c01e826c2723,システム/制御/情報（システム制御情報学会誌）,RAPID,EXPR,SC,確認中,,hypothesis,,,0.4,,G1,,,,
journal,sample-journal-c01e826c2723,システム/制御/情報（システム制御情報学会誌）,RAPID,EXPR,SC,OA,,hypothesis,,,0.4,,G1,,,,
journal,sample-journal-bfe13a915e84,Clinical and Experimental Nephrology,RAPID,EXPR,Σ,日本腎臓学会が関わる、腎臓病学の基礎・臨床研究を扱う国際誌。,,asserted,journals.json#sample-journal-bfe13a915e84:description,日本腎臓学会が関わる、腎臓病学の基礎・臨床研究を扱う国際誌。,0.6,,,,,,
journal,sample-journal-bfe13a915e84,Clinical and Experimental Nephrology,RAPID,EXPR,IS,日本腎臓学会が関わる,,asserted,journals.json#sample-journal-bfe13a915e84:description,日本腎臓学会が関わる、腎臓病学の基礎・臨床研究を扱う国際誌。,0.6,,,,,,
journal,sample-journal-bfe13a915e84,Clinical and Experimental Nephrology,RAPID,EXPR,IS,腎臓病学の基礎・臨床研究を扱う国際誌,,asserted,journals.json#sample-journal-bfe13a915e84:description,日本腎臓学会が関わる、腎臓病学の基礎・臨床研究を扱う国際誌。,0.6,,,,,,
journal,sample-journal-bfe13a915e84,Clinical and Experimental Nephrology,RAPID,EXPR,IS,慢性腎臓病,,asserted,journals.json#sample-journal-bfe13a915e84:description,日本腎臓学会が関わる、腎臓病学の基礎・臨床研究を扱う国際誌。,0.6,,,,,,
journal,sample-journal-bfe13a915e84,Clinical and Experimental Nephrology,RAPID,EXPR,Q,腎臓病は、糸球体、尿細管、免疫、血圧、代謝異常によってどのように発症・進行するのか？,,asserted,journals.json#sample-journal-bfe13a915e84:questions,腎臓病は、糸球体、尿細管、免疫、血圧、代謝異常によってどのよ,0.6,,,,,,
journal,sample-journal-bfe13a915e84,Clinical and Experimental Nephrology,RAPID,EXPR,Q,臨床研究、腎病理、実験研究を組み合わせて、腎疾患の診断・治療・予後管理をどう改善できるのか？,,asserted,journals.json#sample-journal-bfe13a915e84:questions,腎臓病は、糸球体、尿細管、免疫、血圧、代謝異常によってどのよ,0.6,,,,,,
journal,sample-journal-bfe13a915e84,Clinical and Experimental Nephrology,RAPID,EXPR,M,実験,実験,asserted,journals.json#sample-journal-bfe13a915e84:description,日本腎臓学会が関わる、腎臓病学の基礎・臨床研究を扱う国際誌。,0.6,,,,,,
journal,sample-journal-bfe13a915e84,Clinical and Experimental Nephrology,RAPID,EXPR,SC,確認中,,hypothesis,,,0.4,,,,,,
journal,sample-journal-bfe13a915e84,Clinical and Experimental Nephrology,RAPID,EXPR,SC,購読型／一部OA,,hypothesis,,,0.4,,,,,,
journal,sample-journal-1fdf5d10b81a,Plant Physiology,RAPID,EXPR,Σ,American Society of Plant Biologists系の、植物生理学・植物分子生物学を扱う国際主要誌。,,asserted,journals.json#sample-journal-1fdf5d10b81a:description,American Society of Plant Biol,0.6,,,,,,
journal,sample-journal-1fdf5d10b81a,Plant Physiology,RAPID,EXPR,IS,American,,asserted,journals.json#sample-journal-1fdf5d10b81a:description,American Society of Plant Biol,0.6,,,,,,
journal,sample-journal-1fdf5d10b81a,Plant Physiology,RAPID,EXPR,IS,Society,,asserted,journals.json#sample-journal-1fdf5d10b81a:description,American Society of Plant Biol,0.6,,,,,,
journal,sample-journal-1fdf5d10b81a,Plant Physiology,RAPID,EXPR,IS,Plant,,asserted,journals.json#sample-journal-1fdf5d10b81a:description,American Society of Plant Biol,0.6,,,,,,
journal,sample-journal-1fdf5d10b81a,Plant Physiology,RAPID,EXPR,Q,植物は、光、水、栄養、温度、ストレスに応じて、生理機能をどのように調整するのか？,,asserted,journals.json#sample-journal-1fdf5d10b81a:questions,植物は、光、水、栄養、温度、ストレスに応じて、生理機能をどの,0.6,,,,,,
journal,sample-journal-1fdf5d10b81a,Plant Physiology,RAPID,EXPR,Q,分子生物学、生理学、ゲノム解析を通じて、植物の成長や環境応答をどう理解できるのか？,,asserted,journals.json#sample-journal-1fdf5d10b81a:questions,植物は、光、水、栄養、温度、ストレスに応じて、生理機能をどの,0.6,,,,,,
journal,sample-journal-1fdf5d10b81a,Plant Physiology,RAPID,EXPR,M,解析,解析,asserted,journals.json#sample-journal-1fdf5d10b81a:description,American Society of Plant Biol,0.6,,,,,,
journal,sample-journal-1fdf5d10b81a,Plant Physiology,RAPID,EXPR,SC,確認中,,hypothesis,,,0.4,,,,,,
journal,sample-journal-1fdf5d10b81a,Plant Physiology,RAPID,EXPR,SC,購読型／一部OA,,hypothesis,,,0.4,,,,,,
journal,sample-journal-08b9a8007a15,エネルギー・資源,RAPID,EXPR,Σ,エネルギー・資源学会系の、エネルギー、資源、環境、社会システムに関する和文誌。,,asserted,journals.json#sample-journal-08b9a8007a15:description,エネルギー・資源学会系の、エネルギー、資源、環境、社会システ,0.6,,,,,,
journal,sample-journal-08b9a8007a15,エネルギー・資源,RAPID,EXPR,IS,エネルギー・資源学会系の,,asserted,journals.json#sample-journal-08b9a8007a15:description,エネルギー・資源学会系の、エネルギー、資源、環境、社会システ,0.6,,,,,,
journal,sample-journal-08b9a8007a15,エネルギー・資源,RAPID,EXPR,IS,エネルギー,,asserted,journals.json#sample-journal-08b9a8007a15:description,エネルギー・資源学会系の、エネルギー、資源、環境、社会システ,0.6,,,,,,
journal,sample-journal-08b9a8007a15,エネルギー・資源,RAPID,EXPR,IS,社会システムに関する和文誌,,asserted,journals.json#sample-journal-08b9a8007a15:description,エネルギー・資源学会系の、エネルギー、資源、環境、社会システ,0.6,,,,,,
journal,sample-journal-08b9a8007a15,エネルギー・資源,RAPID,EXPR,Q,エネルギーと資源の利用は、技術、経済、環境、政策の中でどのように最適化できるのか？,,asserted,journals.json#sample-journal-08b9a8007a15:questions,エネルギーと資源の利用は、技術、経済、環境、政策の中でどのよ,0.6,,,,,,
journal,sample-journal-08b9a8007a15,エネルギー・資源,RAPID,EXPR,Q,解説、研究、実践報告を通じて、脱炭素、資源循環、エネルギー政策をどう考えられるのか？,,asserted,journals.json#sample-journal-08b9a8007a15:questions,エネルギーと資源の利用は、技術、経済、環境、政策の中でどのよ,0.6,,,,,,
journal,sample-journal-08b9a8007a15,エネルギー・資源,RAPID,EXPR,M,最適化,最適化,asserted,journals.json#sample-journal-08b9a8007a15:description,エネルギー・資源学会系の、エネルギー、資源、環境、社会システ,0.6,,,,,,
journal,sample-journal-08b9a8007a15,エネルギー・資源,RAPID,EXPR,SC,確認中,,hypothesis,,,0.4,,,,,,
journal,sample-journal-08b9a8007a15,エネルギー・資源,RAPID,EXPR,SC,OA,,hypothesis,,,0.4,,,,,,
journal,sample-journal-26aae0d9e8a8,Journal of Geophysical Research: Atmospheres,RAPID,EXPR,Σ,AGUが発行する、大気科学を扱う国際主要誌。,,asserted,journals.json#sample-journal-26aae0d9e8a8:description,AGUが発行する、大気科学を扱う国際主要誌。大気物理、化学、,0.6,,,,,,
journal,sample-journal-26aae0d9e8a8,Journal of Geophysical Research: Atmospheres,RAPID,EXPR,IS,大気科学を扱う国際主要誌,,asserted,journals.json#sample-journal-26aae0d9e8a8:description,AGUが発行する、大気科学を扱う国際主要誌。大気物理、化学、,0.6,,,,,,
journal,sample-journal-26aae0d9e8a8,Journal of Geophysical Research: Atmospheres,RAPID,EXPR,IS,大気物理,,asserted,journals.json#sample-journal-26aae0d9e8a8:description,AGUが発行する、大気科学を扱う国際主要誌。大気物理、化学、,0.6,,,,,,
journal,sample-journal-26aae0d9e8a8,Journal of Geophysical Research: Atmospheres,RAPID,EXPR,IS,エアロゾル,,asserted,journals.json#sample-journal-26aae0d9e8a8:description,AGUが発行する、大気科学を扱う国際主要誌。大気物理、化学、,0.6,,,,,,
journal,sample-journal-26aae0d9e8a8,Journal of Geophysical Research: Atmospheres,RAPID,EXPR,Q,大気の構造や変動は、放射、雲、化学反応、循環、地表面との相互作用でどう決まるのか？,,asserted,journals.json#sample-journal-26aae0d9e8a8:questions,大気の構造や変動は、放射、雲、化学反応、循環、地表面との相互,0.6,,,,,,
journal,sample-journal-26aae0d9e8a8,Journal of Geophysical Research: Atmospheres,RAPID,EXPR,Q,観測、理論、モデル解析を通じて、大気現象と気候への影響をどう理解できるのか？,,asserted,journals.json#sample-journal-26aae0d9e8a8:questions,大気の構造や変動は、放射、雲、化学反応、循環、地表面との相互,0.6,,,,,,
journal,sample-journal-26aae0d9e8a8,Journal of Geophysical Research: Atmospheres,RAPID,EXPR,M,理論的分析,理論研究,asserted,journals.json#sample-journal-26aae0d9e8a8:description,AGUが発行する、大気科学を扱う国際主要誌。大気物理、化学、,0.6,,,,,,
journal,sample-journal-26aae0d9e8a8,Journal of Geophysical Research: Atmospheres,RAPID,EXPR,M,解析,解析,asserted,journals.json#sample-journal-26aae0d9e8a8:description,AGUが発行する、大気科学を扱う国際主要誌。大気物理、化学、,0.6,,,,,,
journal,sample-journal-26aae0d9e8a8,Journal of Geophysical Research: Atmospheres,RAPID,EXPR,SC,確認中,,hypothesis,,,0.4,,,,,,
journal,sample-journal-26aae0d9e8a8,Journal of Geophysical Research: Atmospheres,RAPID,EXPR,SC,購読型／一部OA,,hypothesis,,,0.4,,,,,,
journal,sample-journal-0badcbce964f,PNAS,RAPID,EXPR,Σ,National Academy of Sciencesが発行する、自然科学・社会科学・医学を横断する国際主要誌。,,asserted,journals.json#sample-journal-0badcbce964f:description,National Academy of Sciencesが発,0.6,,,,,,
journal,sample-journal-0badcbce964f,PNAS,RAPID,EXPR,IS,National,,asserted,journals.json#sample-journal-0badcbce964f:description,National Academy of Sciencesが発,0.6,,,,,,
journal,sample-journal-0badcbce964f,PNAS,RAPID,EXPR,IS,Academy,,asserted,journals.json#sample-journal-0badcbce964f:description,National Academy of Sciencesが発,0.6,,,,,,
journal,sample-journal-0badcbce964f,PNAS,RAPID,EXPR,IS,生命科学,,asserted,journals.json#sample-journal-0badcbce964f:description,National Academy of Sciencesが発,0.6,,,,,,
journal,sample-journal-0badcbce964f,PNAS,RAPID,EXPR,Q,分野を横断する科学的発見は、生命、物質、環境、社会の理解をどのように更新するのか？,,asserted,journals.json#sample-journal-0badcbce964f:questions,分野を横断する科学的発見は、生命、物質、環境、社会の理解をど,0.6,,,,,,
journal,sample-journal-0badcbce964f,PNAS,RAPID,EXPR,Q,多様な研究成果を広く共有することで、科学コミュニティ全体の議論や応用をどう促進できるのか？,,asserted,journals.json#sample-journal-0badcbce964f:questions,分野を横断する科学的発見は、生命、物質、環境、社会の理解をど,0.6,,,,,,
journal,sample-journal-0badcbce964f,PNAS,RAPID,EXPR,SC,週刊相当,,hypothesis,,,0.4,,,,,,
journal,sample-journal-0badcbce964f,PNAS,RAPID,EXPR,SC,購読型／一部OA,,hypothesis,,,0.4,,,,,,
journal,sample-journal-1a647b5bd771,Digital Creativity,RAPID,EXPR,Σ,デジタル技術と創造性を扱う国際誌。,,asserted,journals.json#sample-journal-1a647b5bd771:description,デジタル技術と創造性を扱う国際誌。デジタルアート、デザイン、,0.6,,,,,,
journal,sample-journal-1a647b5bd771,Digital Creativity,RAPID,EXPR,IS,デジタル技術と創造性を扱う国際誌,,asserted,journals.json#sample-journal-1a647b5bd771:description,デジタル技術と創造性を扱う国際誌。デジタルアート、デザイン、,0.6,,,,,,
journal,sample-journal-1a647b5bd771,Digital Creativity,RAPID,EXPR,IS,デジタルアート,,asserted,journals.json#sample-journal-1a647b5bd771:description,デジタル技術と創造性を扱う国際誌。デジタルアート、デザイン、,0.6,,,,,,
journal,sample-journal-1a647b5bd771,Digital Creativity,RAPID,EXPR,IS,デザイン,,asserted,journals.json#sample-journal-1a647b5bd771:description,デジタル技術と創造性を扱う国際誌。デジタルアート、デザイン、,0.6,,,,,,
journal,sample-journal-1a647b5bd771,Digital Creativity,RAPID,EXPR,Q,デジタル技術は、創造性、表現、制作プロセス、鑑賞体験をどのように変えるのか？,,asserted,journals.json#sample-journal-1a647b5bd771:questions,デジタル技術は、創造性、表現、制作プロセス、鑑賞体験をどのよ,0.6,,,,,,
journal,sample-journal-1a647b5bd771,Digital Creativity,RAPID,EXPR,Q,デザイン研究、メディア研究、実践研究を通じて、デジタル創作の方法と価値をどう理解できるのか？,,asserted,journals.json#sample-journal-1a647b5bd771:questions,デジタル技術は、創造性、表現、制作プロセス、鑑賞体験をどのよ,0.6,,,,,,
journal,sample-journal-1a647b5bd771,Digital Creativity,RAPID,EXPR,SC,確認中,,hypothesis,,,0.4,,,,,,
journal,sample-journal-1a647b5bd771,Digital Creativity,RAPID,EXPR,SC,購読型／一部OA,,hypothesis,,,0.4,,,,,,
journal,sample-journal-483097bb38b1,Pain Medicine,RAPID,EXPR,Σ,疼痛医学を扱う国際誌。,,asserted,journals.json#sample-journal-483097bb38b1:description,疼痛医学を扱う国際誌。慢性疼痛、神経障害性疼痛、薬物療法、介,0.6,,,,,,
journal,sample-journal-483097bb38b1,Pain Medicine,RAPID,EXPR,IS,疼痛医学を扱う国際誌,,asserted,journals.json#sample-journal-483097bb38b1:description,疼痛医学を扱う国際誌。慢性疼痛、神経障害性疼痛、薬物療法、介,0.6,,,,,,
journal,sample-journal-483097bb38b1,Pain Medicine,RAPID,EXPR,IS,慢性疼痛,,asserted,journals.json#sample-journal-483097bb38b1:description,疼痛医学を扱う国際誌。慢性疼痛、神経障害性疼痛、薬物療法、介,0.6,,,,,,
journal,sample-journal-483097bb38b1,Pain Medicine,RAPID,EXPR,IS,神経障害性疼痛,,asserted,journals.json#sample-journal-483097bb38b1:description,疼痛医学を扱う国際誌。慢性疼痛、神経障害性疼痛、薬物療法、介,0.6,,,,,,
journal,sample-journal-483097bb38b1,Pain Medicine,RAPID,EXPR,Q,疼痛診療では、薬物、神経ブロック、心理、リハビリをどのように組み合わせるべきか？,,asserted,journals.json#sample-journal-483097bb38b1:questions,疼痛診療では、薬物、神経ブロック、心理、リハビリをどのように,0.6,,,,,,
journal,sample-journal-483097bb38b1,Pain Medicine,RAPID,EXPR,Q,臨床研究、症例、治療評価を通じて、疼痛管理の安全性と有効性をどう高められるのか？,,asserted,journals.json#sample-journal-483097bb38b1:questions,疼痛診療では、薬物、神経ブロック、心理、リハビリをどのように,0.6,,,,,,
journal,sample-journal-483097bb38b1,Pain Medicine,RAPID,EXPR,SC,確認中,,hypothesis,,,0.4,,,,,,
journal,sample-journal-483097bb38b1,Pain Medicine,RAPID,EXPR,SC,購読型／一部OA,,hypothesis,,,0.4,,,,,,
journal,sample-journal-e0fb7e6148f2,デザイン学研究,RAPID,EXPR,Σ,デザイン学を扱う国内誌。,,asserted,journals.json#sample-journal-e0fb7e6148f2:description,デザイン学を扱う国内誌。プロダクト、情報、環境、サービス、感,0.6,,,,,,
journal,sample-journal-e0fb7e6148f2,デザイン学研究,RAPID,EXPR,IS,デザイン学を扱う国内誌,,asserted,journals.json#sample-journal-e0fb7e6148f2:description,デザイン学を扱う国内誌。プロダクト、情報、環境、サービス、感,0.6,,,,,,
journal,sample-journal-e0fb7e6148f2,デザイン学研究,RAPID,EXPR,IS,プロダクト,,asserted,journals.json#sample-journal-e0fb7e6148f2:description,デザイン学を扱う国内誌。プロダクト、情報、環境、サービス、感,0.6,,,,,,
journal,sample-journal-e0fb7e6148f2,デザイン学研究,RAPID,EXPR,IS,サービス,,asserted,journals.json#sample-journal-e0fb7e6148f2:description,デザイン学を扱う国内誌。プロダクト、情報、環境、サービス、感,0.6,,,,,,
journal,sample-journal-e0fb7e6148f2,デザイン学研究,RAPID,EXPR,Q,人間の経験や社会課題に対して、デザインはどのような方法で解決案を形にするのか？,,asserted,journals.json#sample-journal-e0fb7e6148f2:questions,人間の経験や社会課題に対して、デザインはどのような方法で解決,0.6,,,,,,
journal,sample-journal-e0fb7e6148f2,デザイン学研究,RAPID,EXPR,Q,デザイン方法論、評価、事例研究を通じて、人工物・サービス・環境の質をどう高められるのか？,,asserted,journals.json#sample-journal-e0fb7e6148f2:questions,人間の経験や社会課題に対して、デザインはどのような方法で解決,0.6,,,,,,
journal,sample-journal-e0fb7e6148f2,デザイン学研究,RAPID,EXPR,SC,確認中,,hypothesis,,,0.4,,,,,,
journal,sample-journal-e0fb7e6148f2,デザイン学研究,RAPID,EXPR,SC,一部OA,,hypothesis,,,0.4,,,,,,
journal,sample-journal-4cc37a9f577d,The Lancet Oncology,RAPID,EXPR,Σ,臨床腫瘍学を扱うThe Lancet系の国際主要誌。,,asserted,journals.json#sample-journal-4cc37a9f577d:description,臨床腫瘍学を扱うThe Lancet系の国際主要誌。がん臨床,0.6,,,,,,
journal,sample-journal-4cc37a9f577d,The Lancet Oncology,RAPID,EXPR,IS,臨床腫瘍学を扱うThe,,asserted,journals.json#sample-journal-4cc37a9f577d:description,臨床腫瘍学を扱うThe Lancet系の国際主要誌。がん臨床,0.6,,,,,,
journal,sample-journal-4cc37a9f577d,The Lancet Oncology,RAPID,EXPR,IS,Lancet系の国際主要誌,,asserted,journals.json#sample-journal-4cc37a9f577d:description,臨床腫瘍学を扱うThe Lancet系の国際主要誌。がん臨床,0.6,,,,,,
journal,sample-journal-4cc37a9f577d,The Lancet Oncology,RAPID,EXPR,IS,がん臨床試験,,asserted,journals.json#sample-journal-4cc37a9f577d:description,臨床腫瘍学を扱うThe Lancet系の国際主要誌。がん臨床,0.6,,,,,,
journal,sample-journal-4cc37a9f577d,The Lancet Oncology,RAPID,EXPR,Q,がん医療は、臨床試験、医療制度、地域差、政策、患者アウトカムの観点からどう改善できるのか？,,asserted,journals.json#sample-journal-4cc37a9f577d:questions,がん医療は、臨床試験、医療制度、地域差、政策、患者アウトカム,0.6,,,,,,
journal,sample-journal-4cc37a9f577d,The Lancet Oncology,RAPID,EXPR,Q,高水準の臨床研究、レビュー、政策論文を通じて、がん治療とがん対策の方向性をどう示せるのか？,,asserted,journals.json#sample-journal-4cc37a9f577d:questions,がん医療は、臨床試験、医療制度、地域差、政策、患者アウトカム,0.6,,,,,,
journal,sample-journal-4cc37a9f577d,The Lancet Oncology,RAPID,EXPR,SC,月刊,,hypothesis,,,0.4,,,,,,
journal,sample-journal-4cc37a9f577d,The Lancet Oncology,RAPID,EXPR,SC,購読型／一部OA,,hypothesis,,,0.4,,,,,,
